{
    "frames": [
        {
            "filename": "w2_a_1",
            "frame": {
                "w": 78,
                "h": 70,
                "x": 0,
                "y": 0
            },
            "anchor": {
                "x": 0.5,
                "y": 0.53
            }
        },
        {
            "filename": "w2_a_3",
            "frame": {
                "w": 76,
                "h": 70,
                "x": 0,
                "y": 70
            },
            "anchor": {
                "x": 0.5,
                "y": 0.53
            }
        },
        {
            "filename": "w2_a_4",
            "frame": {
                "w": 76,
                "h": 70,
                "x": 76,
                "y": 70
            },
            "anchor": {
                "x": 0.5,
                "y": 0.5
            }
        },
        {
            "filename": "w2_a_5",
            "frame": {
                "w": 76,
                "h": 70,
                "x": 78,
                "y": 0
            },
            "anchor": {
                "x": 0.5,
                "y": 0.5
            }
        },
        {
            "filename": "w2_a_2",
            "frame": {
                "w": 75,
                "h": 70,
                "x": 0,
                "y": 0.540
            },
            "anchor": {
                "x": 0.5,
                "y": 0.5
            }
        }
    ],
    "meta": {
        "description": "Atlas generado con Atlas Packer Gamma V2",
        "web": "https://gammafp.github.io/atlas-packer-phaser/"
    }
}