{
    "frames": [
        {
            "filename": "w_jump_1",
            "frame": {
                "w": 73,
                "h": 70,
                "x": 0,
                "y": 0
            },
            "anchor": {
                "x": 0.5,
                "y": 0.5
            }
        },
        {
            "filename": "w_jump_2",
            "frame": {
                "w": 73,
                "h": 70,
                "x": 0,
                "y": 70
            },
            "anchor": {
                "x": 0.5,
                "y": 0.5
            }
        },
        {
            "filename": "w_jump_3",
            "frame": {
                "w": 73,
                "h": 70,
                "x": 73,
                "y": 0
            },
            "anchor": {
                "x": 0.5,
                "y": 0.5
            }
        },
        {
            "filename": "w_jump_4",
            "frame": {
                "w": 73,
                "h": 70,
                "x": 73,
                "y": 70
            },
            "anchor": {
                "x": 0.5,
                "y": 0.5
            }
        }
    ],
    "meta": {
        "description": "Atlas generado con Atlas Packer Gamma V2",
        "web": "https://gammafp.github.io/atlas-packer-phaser/"
    }
}