{
    "frames": [
        {
            "filename": "w_attack2_1",
            "frame": {
                "w": 94,
                "h": 93,
                "x": 0,
                "y": 0
            },
            "anchor": {
                "x": 0.5,
                "y": 0.5
            }
        },
        {
            "filename": "w_attack2_2",
            "frame": {
                "w": 94,
                "h": 93,
                "x": 0,
                "y": 93
            },
            "anchor": {
                "x": 0.5,
                "y": 0.5
            }
        },
        {
            "filename": "w_attack2_3",
            "frame": {
                "w": 94,
                "h": 93,
                "x": 94,
                "y": 0
            },
            "anchor": {
                "x": 0.5,
                "y": 0.5
            }
        },
        {
            "filename": "w_attack2_4",
            "frame": {
                "w": 94,
                "h": 93,
                "x": 94,
                "y": 93
            },
            "anchor": {
                "x": 0.5,
                "y": 0.5
            }
        },
        {
            "filename": "w_attack2_5",
            "frame": {
                "w": 94,
                "h": 93,
                "x": 0,
                "y": 186
            },
            "anchor": {
                "x": 0.5,
                "y": 0.5
            }
        }
    ],
    "meta": {
        "description": "Atlas generado con Atlas Packer Gamma V2",
        "web": "https://gammafp.github.io/atlas-packer-phaser/"
    }
}