{
    "frames": [
        {
            "filename": "hp_enemy",
            "frame": {
                "w": 70,
                "h": 7,
                "x": 0,
                "y": 0
            },
            "anchor": {
                "x": 0.5,
                "y": 0.5
            }
        },
        {
            "filename": "hp_progress",
            "frame": {
                "w": 70,
                "h": 7,
                "x": 0,
                "y": 7
            },
            "anchor": {
                "x": 0.5,
                "y": 0.5
            }
        },
        {
            "filename": "hp_wizard",
            "frame": {
                "w": 70,
                "h": 7,
                "x": 0,
                "y": 14
            },
            "anchor": {
                "x": 0.5,
                "y": 0.5
            }
        },
        {
            "filename": "bfireball0",
            "frame": {
                "w": 60,
                "h": 60,
                "x": 0,
                "y": 21
            },
            "anchor": {
                "x": 0.5,
                "y": 0.5
            }
        },
        {
            "filename": "bfist0",
            "frame": {
                "w": 60,
                "h": 60,
                "x": 60,
                "y": 21
            },
            "anchor": {
                "x": 0.5,
                "y": 0.5
            }
        },
        {
            "filename": "bjump0",
            "frame": {
                "w": 60,
                "h": 60,
                "x": 0,
                "y": 81
            },
            "anchor": {
                "x": 0.5,
                "y": 0.5
            }
        },
        {
            "filename": "bleft0",
            "frame": {
                "w": 60,
                "h": 60,
                "x": 60,
                "y": 81
            },
            "anchor": {
                "x": 0.5,
                "y": 0.5
            }
        },
        {
            "filename": "bright0",
            "frame": {
                "w": 60,
                "h": 60,
                "x": 120,
                "y": 0
            },
            "anchor": {
                "x": 0.5,
                "y": 0.5
            }
        },
        {
            "filename": "bsun0",
            "frame": {
                "w": 60,
                "h": 60,
                "x": 120,
                "y": 60
            },
            "anchor": {
                "x": 0.5,
                "y": 0.5
            }
        },
        {
            "filename": "bfire0",
            "frame": {
                "w": 60,
                "h": 60,
                "x": 0,
                "y": 141
            },
            "anchor": {
                "x": 0.5,
                "y": 0.5
            }
        }
    ],
    "meta": {
        "description": "Atlas generado con Atlas Packer Gamma V2",
        "web": "https://gammafp.github.io/atlas-packer-phaser/"
    }
}