{
    "frames": [
        {
            "filename": "fb4",
            "frame": {
                "w": 52,
                "h": 30,
                "x": 0,
                "y": 0
            },
            "anchor": {
                "x": 0.5,
                "y": 0.5
            }
        },
        {
            "filename": "fb2",
            "frame": {
                "w": 50,
                "h": 30,
                "x": 0,
                "y": 30
            },
            "anchor": {
                "x": 0.5,
                "y": 0.5
            }
        },
        {
            "filename": "fb3",
            "frame": {
                "w": 48,
                "h": 30,
                "x": 50,
                "y": 30
            },
            "anchor": {
                "x": 0.5,
                "y": 0.5
            }
        },
        {
            "filename": "fb1",
            "frame": {
                "w": 48,
                "h": 30,
                "x": 52,
                "y": 0
            },
            "anchor": {
                "x": 0.5,
                "y": 0.5
            }
        }
    ],
    "meta": {
        "description": "Atlas generado con Atlas Packer Gamma V2",
        "web": "https://gammafp.github.io/atlas-packer-phaser/"
    }
}